edinet_code,filer_name,note
E03352,株式会社サンエー,スーパー。売上高に加え不動産賃貸等の営業収入(jppfs_cor:OperatingRevenue2)を本業収益として開示。2026-10-10実機検証
E31159,ユナイテッド・スーパーマーケット・ホールディングス株式会社,スーパー持株会社。同上
E00781,高圧ガス工業株式会社,ガス卸売。同上
E40736,株式会社ブルーゾーンホールディングス,スーパー持株会社。同上
E03272,株式会社マルヨシセンター,スーパー。同上
E03274,株式会社エコス,スーパー。同上
E03072,株式会社ヤマナカ,スーパー。同上
E03118,株式会社フジ,スーパー。同上
E03127,株式会社ヤオコー,スーパー。同上
E03132,株式会社Ｏｌｙｍｐｉｃグループ,スーパー。同上
E03173,株式会社マミーマートホールディングス,スーパー持株会社(旧社名:株式会社マミーマート)。同上
E03146,株式会社天満屋ストア,スーパー。同上
E03202,株式会社ハチバン,外食。同上
E03216,株式会社ベルク,スーパー。同上
E03119,株式会社オークワ,スーパー。同上(annual、context_id='CurrentYearDuration')
E03094,株式会社リテールパートナーズ,スーパー持株会社。同上(annual、context_id='CurrentYearDuration')
E03064,株式会社いなげや,スーパー。同上(四半期報告書、context_id='CurrentYTDDuration')
